[
{
  "model": "auth.user",
  "pk": 1,
  "fields": {
    "password": "pbkdf2_sha256$1200000$t9UsdWBkosEeZCx9HhRugw$ClMegPkjTHP3+ZmGxpycnUbFGo+MPh0+zfgG4jMDt68=",
    "last_login": "2026-06-17T15:00:29.311Z",
    "is_superuser": false,
    "username": "mario_rossi",
    "first_name": "",
    "last_name": "",
    "email": "mario.rossi@email.it",
    "is_staff": false,
    "is_active": true,
    "date_joined": "2026-06-17T11:24:34.601Z",
    "groups": [],
    "user_permissions": []
  }
},
{
  "model": "auth.user",
  "pk": 2,
  "fields": {
    "password": "pbkdf2_sha256$1200000$XAyPbVl6Ngto1thnON43Kd$T/wGWUqOIn/97bhepcVOISG0l1ZIB67lVvWM8oUguUw=",
    "last_login": null,
    "is_superuser": false,
    "username": "anna_verdi",
    "first_name": "",
    "last_name": "",
    "email": "anna.verdi@email.it",
    "is_staff": false,
    "is_active": true,
    "date_joined": "2026-06-17T11:24:35.982Z",
    "groups": [],
    "user_permissions": []
  }
},
{
  "model": "auth.user",
  "pk": 3,
  "fields": {
    "password": "pbkdf2_sha256$1200000$cQhZGA07NaivKqhHL1gJLd$HuhHhFYjMaABSrIIIKTdfzwxiqylbDH/GHkWPsUhqeg=",
    "last_login": null,
    "is_superuser": false,
    "username": "luca_neri",
    "first_name": "",
    "last_name": "",
    "email": "luca.neri@email.it",
    "is_staff": false,
    "is_active": true,
    "date_joined": "2026-06-17T11:24:38.309Z",
    "groups": [],
    "user_permissions": []
  }
},
{
  "model": "auth.user",
  "pk": 4,
  "fields": {
    "password": "pbkdf2_sha256$1200000$pIDIVRNoZxSRqX4JXj3ddU$NoWguCxGQ04oSSmi/luTJlyG4t6Zd3+M8u8WoHIIMpY=",
    "last_login": null,
    "is_superuser": false,
    "username": "flotta_srl",
    "first_name": "",
    "last_name": "",
    "email": "info@flottasrl.it",
    "is_staff": false,
    "is_active": true,
    "date_joined": "2026-06-17T11:24:41.423Z",
    "groups": [],
    "user_permissions": []
  }
},
{
  "model": "auth.user",
  "pk": 5,
  "fields": {
    "password": "pbkdf2_sha256$1200000$WRqxt0Fcyk8Klw0tuh83zm$aCr57OVOcm2dm1mO/BeUw07GZDhxtF50m0SLkLeD24o=",
    "last_login": null,
    "is_superuser": false,
    "username": "tecno_auto",
    "first_name": "",
    "last_name": "",
    "email": "acquisti@tecnoauto.it",
    "is_staff": false,
    "is_active": true,
    "date_joined": "2026-06-17T11:24:43.996Z",
    "groups": [],
    "user_permissions": []
  }
},
{
  "model": "auth.user",
  "pk": 6,
  "fields": {
    "password": "pbkdf2_sha256$1200000$Zl848MKkSIflcv5uqWjZSb$XvJ6XP7VZp59R6dWscrMIfmCm9jbAvMbW2YAoT9oq3E=",
    "last_login": null,
    "is_superuser": true,
    "username": "admin",
    "first_name": "",
    "last_name": "",
    "email": "admin@concessionaria.it",
    "is_staff": true,
    "is_active": true,
    "date_joined": "2026-06-17T11:25:56.680Z",
    "groups": [],
    "user_permissions": []
  }
},
{
  "model": "sessions.session",
  "pk": "vbcnjmjvypdncyl0r691j2om3robd09i",
  "fields": {
    "session_data": ".eJxVjDEOgzAMAP_iuYqCQ0hg7N43RDG2C21FJAJT1b9XSAztene6N6S8b1Paq6xpZhiggcsvozw-ZTkEP_JyL2Ysy7bOZI7EnLaaW2F5Xc_2bzDlOsEALTEhkaoN2ndRQ9SYQ8eB2KFzwixWbGyUvOsDIjJh9GJbRvKeFT5fCzQ4nA:1wZrkj:2WBnUqx7ny8l1x73dkRg_CXkPEXu0UBH6D_YqrpEUE0",
    "expire_date": "2026-07-01T15:00:29.323Z"
  }
},
{
  "model": "gestionale.marca",
  "pk": 1,
  "fields": {
    "nome": "Fiat",
    "paese": "Italia"
  }
},
{
  "model": "gestionale.marca",
  "pk": 2,
  "fields": {
    "nome": "BMW",
    "paese": "Germania"
  }
},
{
  "model": "gestionale.marca",
  "pk": 3,
  "fields": {
    "nome": "Toyota",
    "paese": "Giappone"
  }
},
{
  "model": "gestionale.marca",
  "pk": 4,
  "fields": {
    "nome": "Ford",
    "paese": "USA"
  }
},
{
  "model": "gestionale.marca",
  "pk": 5,
  "fields": {
    "nome": "Volkswagen",
    "paese": "Germania"
  }
},
{
  "model": "gestionale.marca",
  "pk": 6,
  "fields": {
    "nome": "Renault",
    "paese": "Francia"
  }
},
{
  "model": "gestionale.fornitore",
  "pk": 1,
  "fields": {
    "nome": "AutoImport Italia Srl",
    "paese": "Italia"
  }
},
{
  "model": "gestionale.fornitore",
  "pk": 2,
  "fields": {
    "nome": "EuroMotors GmbH",
    "paese": "Germania"
  }
},
{
  "model": "gestionale.fornitore",
  "pk": 3,
  "fields": {
    "nome": "Pacific Auto Trading",
    "paese": "Giappone"
  }
},
{
  "model": "gestionale.auto",
  "pk": 1,
  "fields": {
    "modello": "Panda",
    "prezzo": "12500.00",
    "anno": 2021,
    "stato": "venduta",
    "marca": 1,
    "fornitore": 1
  }
},
{
  "model": "gestionale.auto",
  "pk": 2,
  "fields": {
    "modello": "500",
    "prezzo": "15900.00",
    "anno": 2022,
    "stato": "disponibile",
    "marca": 1,
    "fornitore": 1
  }
},
{
  "model": "gestionale.auto",
  "pk": 3,
  "fields": {
    "modello": "Tipo",
    "prezzo": "18700.00",
    "anno": 2020,
    "stato": "disponibile",
    "marca": 1,
    "fornitore": 1
  }
},
{
  "model": "gestionale.auto",
  "pk": 4,
  "fields": {
    "modello": "Serie 3",
    "prezzo": "42000.00",
    "anno": 2023,
    "stato": "disponibile",
    "marca": 2,
    "fornitore": 2
  }
},
{
  "model": "gestionale.auto",
  "pk": 5,
  "fields": {
    "modello": "Serie 5",
    "prezzo": "58000.00",
    "anno": 2022,
    "stato": "disponibile",
    "marca": 2,
    "fornitore": 2
  }
},
{
  "model": "gestionale.auto",
  "pk": 6,
  "fields": {
    "modello": "X3",
    "prezzo": "63000.00",
    "anno": 2023,
    "stato": "disponibile",
    "marca": 2,
    "fornitore": 2
  }
},
{
  "model": "gestionale.auto",
  "pk": 7,
  "fields": {
    "modello": "Corolla",
    "prezzo": "24500.00",
    "anno": 2022,
    "stato": "disponibile",
    "marca": 3,
    "fornitore": 3
  }
},
{
  "model": "gestionale.auto",
  "pk": 8,
  "fields": {
    "modello": "Yaris",
    "prezzo": "19800.00",
    "anno": 2021,
    "stato": "disponibile",
    "marca": 3,
    "fornitore": 3
  }
},
{
  "model": "gestionale.auto",
  "pk": 9,
  "fields": {
    "modello": "RAV4",
    "prezzo": "35000.00",
    "anno": 2023,
    "stato": "disponibile",
    "marca": 3,
    "fornitore": 3
  }
},
{
  "model": "gestionale.auto",
  "pk": 10,
  "fields": {
    "modello": "Focus",
    "prezzo": "22000.00",
    "anno": 2020,
    "stato": "venduta",
    "marca": 4,
    "fornitore": 1
  }
},
{
  "model": "gestionale.auto",
  "pk": 11,
  "fields": {
    "modello": "Golf",
    "prezzo": "28000.00",
    "anno": 2021,
    "stato": "venduta",
    "marca": 5,
    "fornitore": 2
  }
},
{
  "model": "gestionale.auto",
  "pk": 12,
  "fields": {
    "modello": "Clio",
    "prezzo": "17500.00",
    "anno": 2022,
    "stato": "manutenzione",
    "marca": 6,
    "fornitore": 2
  }
},
{
  "model": "gestionale.cliente",
  "pk": 1,
  "fields": {
    "user": 1,
    "tipo_cliente": "privato",
    "email": "mario.rossi@email.it",
    "telefono": "3331112233",
    "citta": "Roma"
  }
},
{
  "model": "gestionale.cliente",
  "pk": 2,
  "fields": {
    "user": 2,
    "tipo_cliente": "privato",
    "email": "anna.verdi@email.it",
    "telefono": "3342223344",
    "citta": "Milano"
  }
},
{
  "model": "gestionale.cliente",
  "pk": 3,
  "fields": {
    "user": 3,
    "tipo_cliente": "privato",
    "email": "luca.neri@email.it",
    "telefono": "3353334455",
    "citta": "Napoli"
  }
},
{
  "model": "gestionale.cliente",
  "pk": 4,
  "fields": {
    "user": 4,
    "tipo_cliente": "azienda",
    "email": "info@flottasrl.it",
    "telefono": "0612345678",
    "citta": "Roma"
  }
},
{
  "model": "gestionale.cliente",
  "pk": 5,
  "fields": {
    "user": 5,
    "tipo_cliente": "azienda",
    "email": "acquisti@tecnoauto.it",
    "telefono": "0298765432",
    "citta": "Milano"
  }
},
{
  "model": "gestionale.privato",
  "pk": 1,
  "fields": {
    "codice_fiscale": "RSSMRA85M01H501Z",
    "nome": "Mario",
    "cognome": "Rossi",
    "data_nascita": "1985-08-01"
  }
},
{
  "model": "gestionale.privato",
  "pk": 2,
  "fields": {
    "codice_fiscale": "VRDNNA90A41L219V",
    "nome": "Anna",
    "cognome": "Verdi",
    "data_nascita": "1990-01-01"
  }
},
{
  "model": "gestionale.privato",
  "pk": 3,
  "fields": {
    "codice_fiscale": "NRELCU78C15F205X",
    "nome": "Luca",
    "cognome": "Neri",
    "data_nascita": "1978-03-15"
  }
},
{
  "model": "gestionale.azienda",
  "pk": 4,
  "fields": {
    "partita_iva": "12345678901",
    "ragione_sociale": "Flotta Srl",
    "settore": "Trasporti"
  }
},
{
  "model": "gestionale.azienda",
  "pk": 5,
  "fields": {
    "partita_iva": "98765432101",
    "ragione_sociale": "TecnoAuto SpA",
    "settore": "Tecnologia"
  }
},
{
  "model": "gestionale.dipendente",
  "pk": 1,
  "fields": {
    "nome": "Marco",
    "cognome": "Bianchi",
    "ruolo": "Venditore",
    "stipendio": "2200.00"
  }
},
{
  "model": "gestionale.dipendente",
  "pk": 2,
  "fields": {
    "nome": "Laura",
    "cognome": "Rossi",
    "ruolo": "Responsabile vendite",
    "stipendio": "3100.00"
  }
},
{
  "model": "gestionale.dipendente",
  "pk": 3,
  "fields": {
    "nome": "Giorgio",
    "cognome": "Ferri",
    "ruolo": "Venditore",
    "stipendio": "2000.00"
  }
},
{
  "model": "gestionale.vendita",
  "pk": 1,
  "fields": {
    "data_vendita": "2024-03-10",
    "importo_totale": "22000.00",
    "cliente": 1,
    "dipendente": 1
  }
},
{
  "model": "gestionale.vendita",
  "pk": 2,
  "fields": {
    "data_vendita": "2024-06-05",
    "importo_totale": "28000.00",
    "cliente": 4,
    "dipendente": 2
  }
},
{
  "model": "gestionale.vendita",
  "pk": 3,
  "fields": {
    "data_vendita": "2024-09-20",
    "importo_totale": "12500.00",
    "cliente": 2,
    "dipendente": 3
  }
},
{
  "model": "gestionale.dettagliovendita",
  "pk": 1,
  "fields": {
    "vendita": 1,
    "auto": 10,
    "quantita": 1,
    "prezzo_unitario": "22000.00"
  }
},
{
  "model": "gestionale.dettagliovendita",
  "pk": 2,
  "fields": {
    "vendita": 2,
    "auto": 11,
    "quantita": 1,
    "prezzo_unitario": "28000.00"
  }
},
{
  "model": "gestionale.dettagliovendita",
  "pk": 3,
  "fields": {
    "vendita": 3,
    "auto": 1,
    "quantita": 1,
    "prezzo_unitario": "12500.00"
  }
},
{
  "model": "gestionale.manutenzione",
  "pk": 1,
  "fields": {
    "auto": 12,
    "data_intervento": "2024-01-15",
    "descrizione": "Tagliando ordinario",
    "costo": "320.00"
  }
},
{
  "model": "gestionale.manutenzione",
  "pk": 2,
  "fields": {
    "auto": 12,
    "data_intervento": "2024-05-03",
    "descrizione": "Sostituzione pastiglie freno",
    "costo": "180.00"
  }
},
{
  "model": "gestionale.manutenzione",
  "pk": 3,
  "fields": {
    "auto": 12,
    "data_intervento": "2024-11-22",
    "descrizione": "Revisione climatizzatore",
    "costo": "95.00"
  }
},
{
  "model": "gestionale.manutenzione",
  "pk": 4,
  "fields": {
    "auto": 10,
    "data_intervento": "2023-08-10",
    "descrizione": "Tagliando + cambio olio",
    "costo": "280.00"
  }
},
{
  "model": "gestionale.manutenzione",
  "pk": 5,
  "fields": {
    "auto": 11,
    "data_intervento": "2023-12-01",
    "descrizione": "Sostituzione cinghia distribuzione",
    "costo": "550.00"
  }
},
{
  "model": "gestionale.manutenzione",
  "pk": 6,
  "fields": {
    "auto": 4,
    "data_intervento": "2024-07-19",
    "descrizione": "Controllo freni e pneumatici",
    "costo": "210.00"
  }
}
]
